ABSC;UX;UY
0;7.9353770128007743e-06;-8.3377082003403123e-06
0.078539816339744828;0.00014612846871099328;0.00018360609289848947
0.15707963267948966;0.00017695712584618831;0.00037243464442914724
0.23561944901923448;0.00039682406660151634;0.00057340598553393119
0.31415926535897931;0.00037192554923512662;0.00058513688876054356
0.39269908169872414;0.00047625521662465167;0.00080260826095501748
0.47123889803846897;0.00046492266936869496;0.00090148935810481772
0.5497787143782138;0.00062533209934465819;0.00096184225468605726
0.62831853071795862;0.0007575777128718495;0.0010560345508507981
0.70685834705770345;0.00090098685500812072;0.0011832393164623561
0.78539816339744828;0.0010248380018279895;0.0013669971939644201
0.86393797973719311;0.0020064512972049709;0.0021995147533986699
0.94247779607693793;0.0028665191649014802;0.002796017396297886
1.0210176124166828;0.0032689151466471517;0.0030625205614378016
1.0995574287564276;0.0035426575253106412;0.0031899637298603641
1.1780972450961724;0.0036080045346092338;0.003047566047047093
1.2566370614359172;0.0037444974059820248;0.0029599062206060495
1.3351768777756621;0.0038330466851452406;0.002796828743856083
1.4137166941154069;0.0038249150135315629;0.0026022003641716098
1.4922565104551517;0.0039437860626581776;0.0025320103007307128
1.5707963267948966;0.0038242352408093855;0.0023563182853774192
1.6493361431346414;0.0039844910062883775;0.0021330945622017729
1.7278759594743862;0.003903803631056804;0.0018913421770137653
1.806415775814131;0.0043272094254777835;0.0014271740011244636
1.8849555921538759;0.0047803870664330662;0.00070520934829878905
1.9634954084936207;0.0049061410778458237;9.1035600252931071e-05
2.0420352248333655;0.0048819028176124374;-1.0110130643060318e-05
2.1205750411731104;0.0047739842771044446;-0.00017925212792188036
2.1991148575128552;0.0048291906012235802;-0.00024156265243469128
2.2776546738526;0.0046618311840670463;-0.00036869999745154703
2.3561944901923448;0.0046372102076007388;-0.00041469739248727803
2.4347343065320897;0.0046968504168568171;-0.00035823615850218859
2.5132741228718345;0.0045247552668188414;-0.00030181254302806288
2.5918139392115793;0.0045159710532762555;-0.00013422042114928675
2.6703537555513241;0.0043637033431248064;-0.00026386655963640121
2.748893571891069;0.0042309408583295462;3.3655092556843234e-05
2.8274333882308138;0.0041917699935232313;8.6502824227452423e-05
2.9059732045705586;0.0041415823236937771;0.00019353498951266384
2.9845130209103035;0.0038810779698347435;0.00049990692734974685
3.0630528372500483;0.0038208690056869051;0.00073989895201395184
3.1415926535897931;0.0037239625866692903;0.00075054109323882884
3.2201324699295379;0.0035825260332881391;0.00089862315753970554
3.2986722862692828;0.0034206588833583648;0.0011799055158190251
3.3772121026090276;0.0034342212152817368;0.0013858415187388423
3.4557519189487724;0.0032480965797136692;0.0015621146690860861
3.5342917352885173;0.003178333289224029;0.001689872408656199
3.6128315516282621;0.0030730839451426385;0.0016593834246314036
3.6913713679680069;0.0030238624420590426;0.0018636629710396667
3.7699111843077517;0.0029098109602542564;0.0018790073778642839
3.8484510006474966;0.0014462322691184758;0.0031509605385669371
3.9269908169872414;0.00029748698568564651;0.0044785842682917264
4.0055306333269858;-0.00076009306528564743;0.0052448870521731583
4.0840704496667311;-0.001455684922241199;0.0058446381060191632
4.1626102660064763;-0.0020621345192568699;0.0062952551672763217
4.2411500823462207;-0.0024148518208203865;0.0063358171390737262
4.3196898986859651;-0.0024097248803069023;0.0062030305548129066
4.3982297150257104;-0.002460613753530599;0.0060738928537745008
4.4767695313654556;-0.0024769755534114536;0.0058619010701419904
4.5553093477052;-0.0024777857696593941;0.0057915731743838975
4.6338491640449444;-0.0025423434955470794;0.0056466384294271595
4.7123889803846897;-0.0025552813288779582;0.0054494068906597659
4.7909287967244349;-0.0033034931360235243;0.0043684354902283982
4.8694686130641793;-0.004118764570332765;0.0033512864014544541
4.9480084294039237;-0.0048274002070020092;0.0025327085755579722
5.026548245743669;-0.0052049791089369283;0.0017701549365902564
5.1050880620834143;-0.0054518309441653227;0.0013971816335001718
5.1836278784231586;-0.0053619639882785805;0.0012448657696778472
5.262167694762903;-0.0053585939316995925;0.0010745078854569753
5.3407075111026483;-0.0052159744473311478;0.0010000418725419581
5.4192473274423936;-0.0053882679069721957;0.00096355330952334274
5.497787143782138;-0.0051457380214104094;0.00089882276282551236
5.5763269601218823;-0.0050660590228015024;0.00091016323264369095
5.6548667764616276;-0.0049862503492273573;0.000904797385862132
5.7334065928013729;-0.0050384690431830954;0.00098851468610056201
5.8119464091411173;-0.0048768740977068363;0.001156323104654147
5.8904862254808616;-0.0047482997720651732;0.0012087160633595974
5.9690260418206069;-0.0046844453301443179;0.0013062168846063576
6.0475658581603522;-0.0045297326086435174;0.0013960675157145698
6.1261056745000966;-0.0044062697095815367;0.001647140075911296
6.204645490839841;-0.004395026238870601;0.0016750993506507647
6.2831853071795862;-0.0041821007778217005;0.0019846657599584122
